job,country,number_of_pages,unique_url
Data Scientist,Japan,254,"https://www.glassdoor.com/Salaries/japan-data-scientist-salary-SRCH_IL.0,5_IN123_KO6,20_IP{}.htm"
Data Scientist,South Korea,131,"https://www.glassdoor.com/Salaries/south-korea-data-scientist-salary-SRCH_IL.0,11_IN135_KO12,26_IP{}.htm"
Data Scientist,China,260,"https://www.glassdoor.com/Salaries/china-data-scientist-salary-SRCH_IL.0,5_IN48_KO6,20_IP{}.htm"
Data Scientist,United States,10640,"https://www.glassdoor.com/Salaries/us-data-scientist-salary-SRCH_IL.0,2_IN1_KO3,17_IP{}.htm"
Data Scientist,Germany,2700,"https://www.glassdoor.com/Salaries/germany-data-scientist-salary-SRCH_IL.0,7_IN96_KO8,22_IP{}.htm"
Data Scientist,Singapore,980,"https://www.glassdoor.com/Salaries/data-scientist-salary-SRCH_IM1123_KO0,14_IP{}.htm"
Data Scientist,United Kingdom,4819,"https://www.glassdoor.com/Salaries/uk-data-scientist-salary-SRCH_IL.0,2_IN2_KO3,17_IP{}.htm"
Data Scientist,Russia,508,"https://www.glassdoor.com/Salaries/russia-data-scientist-salary-SRCH_IL.0,6_IN205_KO7,21_IP{}.htm"
Data Scientist,Switzerland,600,"https://www.glassdoor.com/Salaries/switzerland-data-scientist-salary-SRCH_IL.0,11_IN226_KO12,26_IP{}.htm"
Data Scientist,United Arab Emirates,220,"https://www.glassdoor.com/Salaries/united-arab-emirates-data-scientist-salary-SRCH_IL.0,20_IN6_KO21,35_IP{}.htm"
Data Scientist,India,100,"https://www.glassdoor.com/Salaries/data-scientist-salary-SRCH_IM407_KO0,14_IP{}.htm"
Data Scientist,France,4420,"https://www.glassdoor.com/Salaries/france-data-scientist-salary-SRCH_IL.0,6_IN86_KO7,21_IP{}.htm"
Data Scientist,Israel,660,"https://www.glassdoor.com/Salaries/israel-data-scientist-salary-SRCH_IL.0,6_IN119_KO7,21_IP{}.htm"
Data Scientist,Canada,2544,"https://www.glassdoor.com/Salaries/canada-data-scientist-salary-SRCH_IL.0,6_IN3_KO7,21_IP{}.htm"
Data Scientist,Sweden,333,"https://www.glassdoor.com/Salaries/sweden-data-scientist-salary-SRCH_IL.0,6_IN223_KO7,21_IP{}.htm"
Data Scientist,Denmark,240,"https://www.glassdoor.com/Salaries/denmark-data-scientist-salary-SRCH_IL.0,7_IN63_KO8,22_IP{}.htm"
Data Scientist,Netherlands,1360,"https://www.glassdoor.com/Salaries/netherlands-data-scientist-salary-SRCH_IL.0,11_IN178_KO12,26_IP{}.htm"
Data Scientist,Qatar,20,"https://www.glassdoor.com/Salaries/qatar-data-scientist-salary-SRCH_IL.0,5_IN199_KO6,20_IP{}.htm"
Data Scientist,Australia,1140,"https://www.glassdoor.com/Salaries/australia-data-scientist-salary-SRCH_IL.0,9_IN16_KO10,24_IP{}.htm"
Data Scientist,Finland,141,"https://www.glassdoor.com/Salaries/finland-data-scientist-salary-SRCH_IL.0,7_IN79_KO8,22_IP{}.htm"
Data Scientist,Norway,140,"https://www.glassdoor.com/Salaries/norway-data-scientist-salary-SRCH_IL.0,6_IN180_KO7,21_IP{}.htm"
Data Scientist,Luxembourg,93,"https://www.glassdoor.com/Salaries/luxembourg-data-scientist-salary-SRCH_IL.0,10_IN148_KO11,25_IP{}.htm"
Data Scientist,Belgium,380,"https://www.glassdoor.com/Salaries/belgium-data-scientist-salary-SRCH_IL.0,7_IN25_KO8,22_IP{}.htm"
Data Scientist,Saudi Arabia,80,"https://www.glassdoor.com/Salaries/saudi-arabia-data-scientist-salary-SRCH_IL.0,12_IN207_KO13,27_IP{}.htm"
Data Scientist,Austria,205,"https://www.glassdoor.com/Salaries/austria-data-scientist-salary-SRCH_IL.0,7_IN18_KO8,22_IP{}.htm"
Data Scientist,Italy,1100,"https://www.glassdoor.com/Salaries/italy-data-scientist-salary-SRCH_IL.0,5_IN120_KO6,20_IP{}.htm"
Data Scientist,New Zealand,180,"https://www.glassdoor.com/Salaries/new-zealand-data-scientist-salary-SRCH_IL.0,11_IN186_KO12,26_IP{}.htm"
Data Scientist,Ireland,437,"https://www.glassdoor.com/Salaries/ireland-data-scientist-salary-SRCH_IL.0,7_IN70_KO8,22_IP{}.htm"
Data Scientist,Poland,520,"https://www.glassdoor.com/Salaries/poland-data-scientist-salary-SRCH_IL.0,6_IN193_KO7,21_IP{}.htm"
Data Scientist,Spain,1920,"https://www.glassdoor.com/Salaries/spain-data-scientist-salary-SRCH_IL.0,5_IN219_KO6,20_IP{}.htm"
Data Scientist,Thailand,240,"https://www.glassdoor.com/Salaries/thailand-data-scientist-salary-SRCH_IL.0,8_IN229_KO9,23_IP{}.htm"
Data Scientist,Malaysia,440,"https://www.glassdoor.com/Salaries/malaysia-data-scientist-salary-SRCH_IL.0,8_IN170_KO9,23_IP{}.htm"
Data Scientist,Estonia,55,"https://www.glassdoor.com/Salaries/estonia-data-scientist-salary-SRCH_IL.0,7_IN72_KO8,22_IP{}.htm"
Data Scientist,Vietnam,100,"https://www.glassdoor.com/Salaries/vietnam-data-scientist-salary-SRCH_IL.0,7_IN251_KO8,22_IP{}.htm"
Data Scientist,Iran,84,"https://www.glassdoor.com/Salaries/iran-data-scientist-salary-SRCH_IL.0,4_IN118_KO5,19_IP{}.htm"
Data Scientist,Ukraine,40,"https://www.glassdoor.com/Salaries/ukraine-data-scientist-salary-SRCH_IL.0,7_IN244_KO8,22_IP{}.htm"
Data Scientist,Hungary,131,"https://www.glassdoor.com/Salaries/hungary-data-scientist-salary-SRCH_IL.0,7_IN111_KO8,22_IP{}.htm"
Data Scientist,Brazil,3780,"https://www.glassdoor.com/Salaries/brazil-data-scientist-salary-SRCH_IL.0,6_IN36_KO7,21_IP{}.htm"
Data Scientist,Philippines,200,"https://www.glassdoor.com/Salaries/philippines-data-scientist-salary-SRCH_IL.0,11_IN204_KO12,26_IP{}.htm"
Data Scientist,Indonesia,560,"https://www.glassdoor.com/Salaries/indonesia-data-scientist-salary-SRCH_IL.0,9_IN113_KO10,24_IP{}.htm"
Data Scientist,Turkey,404,"https://www.glassdoor.com/Salaries/turkey-data-scientist-salary-SRCH_IL.0,6_IN238_KO7,21_IP{}.htm"
Data Scientist,Romania,80,"https://www.glassdoor.com/Salaries/romania-data-scientist-salary-SRCH_IL.0,7_IN203_KO8,22_IP{}.htm"
Data Scientist,Bahrain,1,"https://www.glassdoor.com/Salaries/bahrain-data-scientist-salary-SRCH_IL.0,7_IN21_KO8,22_IP{}.htm"
Data Scientist,Bangladesh,80,"https://www.glassdoor.com/Salaries/bangladesh-data-scientist-salary-SRCH_IL.0,10_IN27_KO11,25_IP{}.htm"
Data Scientist,Egypt,260,"https://www.glassdoor.com/Salaries/egypt-data-scientist-salary-SRCH_IL.0,5_IN69_KO6,20_IP{}.htm"
Data Scientist,Colombia,440,"https://www.glassdoor.com/Salaries/colombia-data-scientist-salary-SRCH_IL.0,8_IN54_KO9,23_IP{}.htm"
Data Scientist,Mexico,908,"https://www.glassdoor.com/Salaries/mexico-data-scientist-salary-SRCH_IL.0,6_IN169_KO7,21_IP{}.htm"
Data Scientist,Azerbaijan,20,"https://www.glassdoor.com/Salaries/azerbaijan-data-scientist-salary-SRCH_IL.0,10_IN9_KO11,25_IP{}.htm"
Data Scientist,Kazakhstan,60,"https://www.glassdoor.com/Salaries/kazakhstan-data-scientist-salary-SRCH_IL.0,10_IN138_KO11,25_IP{}.htm"
Data Scientist,Argentina,500,"https://www.glassdoor.com/Salaries/argentina-data-scientist-salary-SRCH_IL.0,9_IN15_KO10,24_IP{}.htm"
Data Scientist,Belarus,20,"https://www.glassdoor.com/Salaries/belarus-data-scientist-salary-SRCH_IL.0,7_IN33_KO8,22_IP{}.htm"
Data Scientist,Serbia,40,"https://www.glassdoor.com/Salaries/serbia-data-scientist-salary-SRCH_IL.0,6_IN200_KO7,21_IP{}.htm"
Data Scientist,South Africa,400,"https://www.glassdoor.com/Salaries/south-africa-data-scientist-salary-SRCH_IL.0,12_IN211_KO13,27_IP{}.htm"
Data Scientist,Jordan,140,"https://www.glassdoor.com/Salaries/data-scientist-salary-SRCH_IM567_KO0,14_IP{}.htm"
Data Scientist,Sri Lanka,100,"https://www.glassdoor.com/Salaries/sri-lanka-data-scientist-salary-SRCH_IL.0,9_IN45_KO10,24_IP{}.htm"
Data Scientist,Greece,220,"https://www.glassdoor.com/Salaries/greece-data-scientist-salary-SRCH_IL.0,6_IN100_KO7,21_IP{}.htm"
Data Scientist,Guatemala,20,"https://www.glassdoor.com/Salaries/guatemala-data-scientist-salary-SRCH_IL.0,9_IN101_KO10,24_IP{}.htm"
Data Scientist,Bulgaria,60,"https://www.glassdoor.com/Salaries/bulgaria-data-scientist-salary-SRCH_IL.0,8_IN39_KO9,23_IP{}.htm"
Data Engineer,Japan,400,"https://www.glassdoor.com/Salaries/japan-data-engineer-salary-SRCH_IL.0,5_IN123_KO6,19_IP{}.htm"
Data Engineer,South Korea,240,"https://www.glassdoor.com/Salaries/south-korea-data-engineer-salary-SRCH_IL.0,11_IN135_KO12,25_IP{}.htm"
Data Engineer,China,680,"https://www.glassdoor.com/Salaries/china-data-engineer-salary-SRCH_IL.0,5_IN48_KO6,19_IP{}.htm"
Data Engineer,United States,7060,"https://www.glassdoor.com/Salaries/us-data-engineer-salary-SRCH_IL.0,2_IN1_KO3,16_IP{}.htm"
Data Engineer,Germany,4020,"https://www.glassdoor.com/Salaries/germany-data-engineer-salary-SRCH_IL.0,7_IN96_KO8,21_IP{}.htm"
Data Engineer,Singapore,2220,"https://www.glassdoor.com/Salaries/data-engineer-salary-SRCH_IM1123_KO0,13_IP{}.htm"
Data Engineer,United Kingdom,11535,"https://www.glassdoor.com/Salaries/uk-data-engineer-salary-SRCH_IL.0,2_IN2_KO3,16_IP{}.htm"
Data Engineer,Russia,820,"https://www.glassdoor.com/Salaries/russia-data-engineer-salary-SRCH_IL.0,6_IN205_KO7,20_IP{}.htm"
Data Engineer,Switzerland,840,"https://www.glassdoor.com/Salaries/switzerland-data-engineer-salary-SRCH_IL.0,11_IN226_KO12,25_IP{}.htm"
Data Engineer,United Arab Emirates,536,"https://www.glassdoor.com/Salaries/united-arab-emirates-data-engineer-salary-SRCH_IL.0,20_IN6_KO21,34_IP{}.htm"
Data Engineer,India,76,"https://www.glassdoor.com/Salaries/data-engineer-salary-SRCH_IM407_KO0,13_IP{}.htm"
Data Engineer,France,6140,"https://www.glassdoor.com/Salaries/france-data-engineer-salary-SRCH_IL.0,6_IN86_KO7,20_IP{}.htm"
Data Engineer,Israel,1220,"https://www.glassdoor.com/Salaries/israel-data-engineer-salary-SRCH_IL.0,6_IN119_KO7,20_IP{}.htm"
Data Engineer,Canada,6460,"https://www.glassdoor.com/Salaries/canada-data-engineer-salary-SRCH_IL.0,6_IN3_KO7,20_IP{}.htm"
Data Engineer,Sweden,580,"https://www.glassdoor.com/Salaries/sweden-data-engineer-salary-SRCH_IL.0,6_IN223_KO7,20_IP{}.htm"
Data Engineer,Denmark,400,"https://www.glassdoor.com/Salaries/denmark-data-engineer-salary-SRCH_IL.0,7_IN63_KO8,21_IP{}.htm"
Data Engineer,Netherlands,2360,"https://www.glassdoor.com/Salaries/netherlands-data-engineer-salary-SRCH_IL.0,11_IN178_KO12,25_IP{}.htm"
Data Engineer,Qatar,60,"https://www.glassdoor.com/Salaries/qatar-data-engineer-salary-SRCH_IL.0,5_IN199_KO6,19_IP{}.htm"
Data Engineer,Australia,3087,"https://www.glassdoor.com/Salaries/australia-data-engineer-salary-SRCH_IL.0,9_IN16_KO10,23_IP{}.htm"
Data Engineer,Finland,280,"https://www.glassdoor.com/Salaries/finland-data-engineer-salary-SRCH_IL.0,7_IN79_KO8,21_IP{}.htm"
Data Engineer,Norway,200,"https://www.glassdoor.com/Salaries/norway-data-engineer-salary-SRCH_IL.0,6_IN180_KO7,20_IP{}.htm"
Data Engineer,Luxembourg,148,"https://www.glassdoor.com/Salaries/luxembourg-data-engineer-salary-SRCH_IL.0,10_IN148_KO11,24_IP{}.htm"
Data Engineer,Belgium,681,"https://www.glassdoor.com/Salaries/belgium-data-engineer-salary-SRCH_IL.0,7_IN25_KO8,21_IP{}.htm"
Data Engineer,Saudi Arabia,200,"https://www.glassdoor.com/Salaries/saudi-arabia-data-engineer-salary-SRCH_IL.0,12_IN207_KO13,26_IP{}.htm"
Data Engineer,Austria,300,"https://www.glassdoor.com/Salaries/austria-data-engineer-salary-SRCH_IL.0,7_IN18_KO8,21_IP{}.htm"
Data Engineer,Italy,1780,"https://www.glassdoor.com/Salaries/italy-data-engineer-salary-SRCH_IL.0,5_IN120_KO6,19_IP{}.htm"
Data Engineer,New Zealand,460,"https://www.glassdoor.com/Salaries/new-zealand-data-engineer-salary-SRCH_IL.0,11_IN186_KO12,25_IP{}.htm"
Data Engineer,Ireland,1088,"https://www.glassdoor.com/Salaries/ireland-data-engineer-salary-SRCH_IL.0,7_IN70_KO8,21_IP{}.htm"
Data Engineer,Poland,960,"https://www.glassdoor.com/Salaries/poland-data-engineer-salary-SRCH_IL.0,6_IN193_KO7,20_IP{}.htm"
Data Engineer,Spain,3220,"https://www.glassdoor.com/Salaries/spain-data-engineer-salary-SRCH_IL.0,5_IN219_KO6,19_IP{}.htm"
Data Engineer,Thailand,460,"https://www.glassdoor.com/Salaries/thailand-data-engineer-salary-SRCH_IL.0,8_IN229_KO9,22_IP{}.htm"
Data Engineer,Malaysia,1171,"https://www.glassdoor.com/Salaries/malaysia-data-engineer-salary-SRCH_IL.0,8_IN170_KO9,22_IP{}.htm"
Data Engineer,Estonia,140,"https://www.glassdoor.com/Salaries/estonia-data-engineer-salary-SRCH_IL.0,7_IN72_KO8,21_IP{}.htm"
Data Engineer,Vietnam,300,"https://www.glassdoor.com/Salaries/vietnam-data-engineer-salary-SRCH_IL.0,7_IN251_KO8,21_IP{}.htm"
Data Engineer,Iran,151,"https://www.glassdoor.com/Salaries/iran-data-engineer-salary-SRCH_IL.0,4_IN118_KO5,18_IP{}.htm"
Data Engineer,Ukraine,65,"https://www.glassdoor.com/Salaries/ukraine-data-engineer-salary-SRCH_IL.0,7_IN244_KO8,21_IP{}.htm"
Data Engineer,Hungary,340,"https://www.glassdoor.com/Salaries/hungary-data-engineer-salary-SRCH_IL.0,7_IN111_KO8,21_IP{}.htm"
Data Engineer,Brazil,6960,"https://www.glassdoor.com/Salaries/brazil-data-engineer-salary-SRCH_IL.0,6_IN36_KO7,20_IP{}.htm"
Data Engineer,Philippines,1100,"https://www.glassdoor.com/Salaries/philippines-data-engineer-salary-SRCH_IL.0,11_IN204_KO12,25_IP{}.htm"
Data Engineer,Indonesia,1385,"https://www.glassdoor.com/Salaries/indonesia-data-engineer-salary-SRCH_IL.0,9_IN113_KO10,23_IP{}.htm"
Data Engineer,Turkey,620,"https://www.glassdoor.com/Salaries/turkey-data-engineer-salary-SRCH_IL.0,6_IN238_KO7,20_IP{}.htm"
Data Engineer,Bahrain,20,"https://www.glassdoor.com/Salaries/bahrain-data-engineer-salary-SRCH_IL.0,7_IN21_KO8,21_IP{}.htm"
Data Engineer,Bangladesh,315,"https://www.glassdoor.com/Salaries/bangladesh-data-engineer-salary-SRCH_IL.0,10_IN27_KO11,24_IP{}.htm"
Data Engineer,Egypt,580,"https://www.glassdoor.com/Salaries/egypt-data-engineer-salary-SRCH_IL.0,5_IN69_KO6,19_IP{}.htm"
Data Engineer,Colombia,714,"https://www.glassdoor.com/Salaries/colombia-data-engineer-salary-SRCH_IL.0,8_IN54_KO9,22_IP{}.htm"
Data Engineer,Mexico,1520,"https://www.glassdoor.com/Salaries/mexico-data-engineer-salary-SRCH_IL.0,6_IN169_KO7,20_IP{}.htm"
Data Engineer,Azerbaijan,40,"https://www.glassdoor.com/Salaries/azerbaijan-data-engineer-salary-SRCH_IL.0,10_IN9_KO11,24_IP{}.htm"
Data Engineer,Kazakhstan,100,"https://www.glassdoor.com/Salaries/kazakhstan-data-engineer-salary-SRCH_IL.0,10_IN138_KO11,24_IP{}.htm"
Data Engineer,Argentina,980,"https://www.glassdoor.com/Salaries/argentina-data-engineer-salary-SRCH_IL.0,9_IN15_KO10,23_IP{}.htm"
Data Engineer,Belarus,20,"https://www.glassdoor.com/Salaries/belarus-data-engineer-salary-SRCH_IL.0,7_IN33_KO8,21_IP{}.htm"
Data Engineer,Serbia,80,"https://www.glassdoor.com/Salaries/serbia-data-engineer-salary-SRCH_IL.0,6_IN200_KO7,20_IP{}.htm"
Data Engineer,South Africa,860,"https://www.glassdoor.com/Salaries/south-africa-data-engineer-salary-SRCH_IL.0,12_IN211_KO13,26_IP{}.htm"
Data Engineer,Jordan,103,"https://www.glassdoor.com/Salaries/data-engineer-salary-SRCH_IM567_KO0,13_IP{}.htm"
Data Engineer,Sri Lanka,260,"https://www.glassdoor.com/Salaries/sri-lanka-data-engineer-salary-SRCH_IL.0,9_IN45_KO10,23_IP{}.htm"
Data Engineer,Greece,400,"https://www.glassdoor.com/Salaries/greece-data-engineer-salary-SRCH_IL.0,6_IN100_KO7,20_IP{}.htm"
Data Engineer,Guatemala,40,"https://www.glassdoor.com/Salaries/guatemala-data-engineer-salary-SRCH_IL.0,9_IN101_KO10,23_IP{}.htm"
Data Engineer,Bulgaria,160,"https://www.glassdoor.com/Salaries/bulgaria-data-engineer-salary-SRCH_IL.0,8_IN39_KO9,22_IP{}.htm"
Data Analyst,Japan,300,"https://www.glassdoor.com/Salaries/japan-data-analyst-salary-SRCH_IL.0,5_IN123_KO6,18_IP{}.htm"
Data Analyst,South Korea,160,"https://www.glassdoor.com/Salaries/south-korea-data-analyst-salary-SRCH_IL.0,11_IN135_KO12,24_IP{}.htm"
Data Analyst,China,531,"https://www.glassdoor.com/Salaries/china-data-analyst-salary-SRCH_IL.0,5_IN48_KO6,18_IP{}.htm"
Data Analyst,United States,3720,"https://www.glassdoor.com/Salaries/us-data-analyst-salary-SRCH_IL.0,2_IN1_KO3,15_IP{}.htm"
Data Analyst,Germany,3020,"https://www.glassdoor.com/Salaries/germany-data-analyst-salary-SRCH_IL.0,7_IN96_KO8,20_IP{}.htm"
Data Analyst,Singapore,1520,"https://www.glassdoor.com/Salaries/data-analyst-salary-SRCH_IM1123_KO0,12_IP{}.htm"
Data Analyst,United Kingdom,7540,"https://www.glassdoor.com/Salaries/uk-data-analyst-salary-SRCH_IL.0,2_IN2_KO3,15_IP{}.htm"
Data Analyst,Russia,565,"https://www.glassdoor.com/Salaries/russia-data-analyst-salary-SRCH_IL.0,6_IN205_KO7,19_IP{}.htm"
Data Analyst,Switzerland,680,"https://www.glassdoor.com/Salaries/switzerland-data-analyst-salary-SRCH_IL.0,11_IN226_KO12,24_IP{}.htm"
Data Analyst,United Arab Emirates,460,"https://www.glassdoor.com/Salaries/united-arab-emirates-data-analyst-salary-SRCH_IL.0,20_IN6_KO21,33_IP{}.htm"
Data Analyst,India,34,"https://www.glassdoor.com/Salaries/data-analyst-salary-SRCH_IM407_KO0,12_IP{}.htm"
Data Analyst,France,4800,"https://www.glassdoor.com/Salaries/france-data-analyst-salary-SRCH_IL.0,6_IN86_KO7,19_IP{}.htm"
Data Analyst,Israel,902,"https://www.glassdoor.com/Salaries/israel-data-analyst-salary-SRCH_IL.0,6_IN119_KO7,19_IP{}.htm"
Data Analyst,Canada,4310,"https://www.glassdoor.com/Salaries/canada-data-analyst-salary-SRCH_IL.0,6_IN3_KO7,19_IP{}.htm"
Data Analyst,Sweden,380,"https://www.glassdoor.com/Salaries/sweden-data-analyst-salary-SRCH_IL.0,6_IN223_KO7,19_IP{}.htm"
Data Analyst,Denmark,260,"https://www.glassdoor.com/Salaries/denmark-data-analyst-salary-SRCH_IL.0,7_IN63_KO8,20_IP{}.htm"
Data Analyst,Netherlands,1580,"https://www.glassdoor.com/Salaries/netherlands-data-analyst-salary-SRCH_IL.0,11_IN178_KO12,24_IP{}.htm"
Data Analyst,Qatar,60,"https://www.glassdoor.com/Salaries/qatar-data-analyst-salary-SRCH_IL.0,5_IN199_KO6,18_IP{}.htm"
Data Analyst,Australia,2040,"https://www.glassdoor.com/Salaries/australia-data-analyst-salary-SRCH_IL.0,9_IN16_KO10,22_IP{}.htm"
Data Analyst,Finland,180,"https://www.glassdoor.com/Salaries/finland-data-analyst-salary-SRCH_IL.0,7_IN79_KO8,20_IP{}.htm"
Data Analyst,Norway,140,"https://www.glassdoor.com/Salaries/norway-data-analyst-salary-SRCH_IL.0,6_IN180_KO7,19_IP{}.htm"
Data Analyst,Luxembourg,120,"https://www.glassdoor.com/Salaries/luxembourg-data-analyst-salary-SRCH_IL.0,10_IN148_KO11,23_IP{}.htm"
Data Analyst,Belgium,456,"https://www.glassdoor.com/Salaries/belgium-data-analyst-salary-SRCH_IL.0,7_IN25_KO8,20_IP{}.htm"
Data Analyst,Saudi Arabia,180,"https://www.glassdoor.com/Salaries/saudi-arabia-data-analyst-salary-SRCH_IL.0,12_IN207_KO13,25_IP{}.htm"
Data Analyst,Austria,240,"https://www.glassdoor.com/Salaries/austria-data-analyst-salary-SRCH_IL.0,7_IN18_KO8,20_IP{}.htm"
Data Analyst,Italy,1480,"https://www.glassdoor.com/Salaries/italy-data-analyst-salary-SRCH_IL.0,5_IN120_KO6,18_IP{}.htm"
Data Analyst,New Zealand,300,"https://www.glassdoor.com/Salaries/new-zealand-data-analyst-salary-SRCH_IL.0,11_IN186_KO12,24_IP{}.htm"
Data Analyst,Ireland,820,"https://www.glassdoor.com/Salaries/ireland-data-analyst-salary-SRCH_IL.0,7_IN70_KO8,20_IP{}.htm"
Data Analyst,Poland,700,"https://www.glassdoor.com/Salaries/poland-data-analyst-salary-SRCH_IL.0,6_IN193_KO7,19_IP{}.htm"
Data Analyst,Spain,2722,"https://www.glassdoor.com/Salaries/spain-data-analyst-salary-SRCH_IL.0,5_IN219_KO6,18_IP{}.htm"
Data Analyst,Thailand,320,"https://www.glassdoor.com/Salaries/thailand-data-analyst-salary-SRCH_IL.0,8_IN229_KO9,21_IP{}.htm"
Data Analyst,Malaysia,920,"https://www.glassdoor.com/Salaries/malaysia-data-analyst-salary-SRCH_IL.0,8_IN170_KO9,21_IP{}.htm"
Data Analyst,Estonia,95,"https://www.glassdoor.com/Salaries/estonia-data-analyst-salary-SRCH_IL.0,7_IN72_KO8,20_IP{}.htm"
Data Analyst,Vietnam,220,"https://www.glassdoor.com/Salaries/vietnam-data-analyst-salary-SRCH_IL.0,7_IN251_KO8,20_IP{}.htm"
Data Analyst,Iran,119,"https://www.glassdoor.com/Salaries/iran-data-analyst-salary-SRCH_IL.0,4_IN118_KO5,17_IP{}.htm"
Data Analyst,Ukraine,60,"https://www.glassdoor.com/Salaries/ukraine-data-analyst-salary-SRCH_IL.0,7_IN244_KO8,20_IP{}.htm"
Data Analyst,Hungary,240,"https://www.glassdoor.com/Salaries/hungary-data-analyst-salary-SRCH_IL.0,7_IN111_KO8,20_IP{}.htm"
Data Analyst,Brazil,1700,"https://www.glassdoor.com/Salaries/brazil-data-analyst-salary-SRCH_IL.0,6_IN36_KO7,19_IP{}.htm"
Data Analyst,Philippines,900,"https://www.glassdoor.com/Salaries/philippines-data-analyst-salary-SRCH_IL.0,11_IN204_KO12,24_IP{}.htm"
Data Analyst,Indonesia,1080,"https://www.glassdoor.com/Salaries/indonesia-data-analyst-salary-SRCH_IL.0,9_IN113_KO10,22_IP{}.htm"
Data Analyst,Turkey,440,"https://www.glassdoor.com/Salaries/turkey-data-analyst-salary-SRCH_IL.0,6_IN238_KO7,19_IP{}.htm"
Data Analyst,Romania,240,"https://www.glassdoor.com/Salaries/romania-data-analyst-salary-SRCH_IL.0,7_IN203_KO8,20_IP{}.htm"
Data Analyst,Bahrain,11,"https://www.glassdoor.com/Salaries/bahrain-data-analyst-salary-SRCH_IL.0,7_IN21_KO8,20_IP{}.htm"
Data Analyst,Bangladesh,278,"https://www.glassdoor.com/Salaries/bangladesh-data-analyst-salary-SRCH_IL.0,10_IN27_KO11,23_IP{}.htm"
Data Analyst,Egypt,542,"https://www.glassdoor.com/Salaries/egypt-data-analyst-salary-SRCH_IL.0,5_IN69_KO6,18_IP{}.htm"
Data Analyst,Colombia,600,"https://www.glassdoor.com/Salaries/colombia-data-analyst-salary-SRCH_IL.0,8_IN54_KO9,21_IP{}.htm"
Data Analyst,Mexico,1760,"https://www.glassdoor.com/Salaries/mexico-data-analyst-salary-SRCH_IL.0,6_IN169_KO7,19_IP{}.htm"
Data Analyst,Azerbaijan,40,"https://www.glassdoor.com/Salaries/azerbaijan-data-analyst-salary-SRCH_IL.0,10_IN9_KO11,23_IP{}.htm"
Data Analyst,Kazakhstan,80,"https://www.glassdoor.com/Salaries/kazakhstan-data-analyst-salary-SRCH_IL.0,10_IN138_KO11,23_IP{}.htm"
Data Analyst,Argentina,1440,"https://www.glassdoor.com/Salaries/argentina-data-analyst-salary-SRCH_IL.0,9_IN15_KO10,22_IP{}.htm"
Data Analyst,Belarus,20,"https://www.glassdoor.com/Salaries/belarus-data-analyst-salary-SRCH_IL.0,7_IN33_KO8,20_IP{}.htm"
Data Analyst,Serbia,60,"https://www.glassdoor.com/Salaries/serbia-data-analyst-salary-SRCH_IL.0,6_IN200_KO7,19_IP{}.htm"
Data Analyst,South Africa,580,"https://www.glassdoor.com/Salaries/south-africa-data-analyst-salary-SRCH_IL.0,12_IN211_KO13,25_IP{}.htm"
Data Analyst,Jordan,40,"https://www.glassdoor.com/Salaries/data-analyst-salary-SRCH_IM567_KO0,12_IP{}.htm"
Data Analyst,Sri Lanka,200,"https://www.glassdoor.com/Salaries/sri-lanka-data-analyst-salary-SRCH_IL.0,9_IN45_KO10,22_IP{}.htm"
Data Analyst,Greece,320,"https://www.glassdoor.com/Salaries/greece-data-analyst-salary-SRCH_IL.0,6_IN100_KO7,19_IP{}.htm"
Data Analyst,Guatemala,20,"https://www.glassdoor.com/Salaries/guatemala-data-analyst-salary-SRCH_IL.0,9_IN101_KO10,22_IP{}.htm"
Data Analyst,Bulgaria,100,"https://www.glassdoor.com/Salaries/bulgaria-data-analyst-salary-SRCH_IL.0,8_IN39_KO9,21_IP{}.htm"
Database Administrator,Japan,20,"https://www.glassdoor.com/Salaries/japan-database-administrator-salary-SRCH_IL.0,5_IN123_KO6,28_IP{}.htm"
Database Administrator,South Korea,20,"https://www.glassdoor.com/Salaries/south-korea-database-administrator-salary-SRCH_IL.0,11_IN135_KO12,34_IP{}.htm"
Database Administrator,China,40,"https://www.glassdoor.com/Salaries/china-database-administrator-salary-SRCH_IL.0,5_IN48_KO6,28_IP{}.htm"
Database Administrator,United States,8080,"https://www.glassdoor.com/Salaries/us-database-administrator-salary-SRCH_IL.0,2_IN1_KO3,25_IP{}.htm"
Database Administrator,Germany,180,"https://www.glassdoor.com/Salaries/germany-database-administrator-salary-SRCH_IL.0,7_IN96_KO8,30_IP{}.htm"
Database Administrator,Singapore,220,"https://www.glassdoor.com/Salaries/database-administrator-salary-SRCH_IM1123_KO0,22_IP{}.htm"
Database Administrator,United Kingdom,1600,"https://www.glassdoor.com/Salaries/uk-database-administrator-salary-SRCH_IL.0,2_IN2_KO3,25_IP{}.htm"
Database Administrator,Russia,60,"https://www.glassdoor.com/Salaries/russia-database-administrator-salary-SRCH_IL.0,6_IN205_KO7,29_IP{}.htm"
Database Administrator,Switzerland,100,"https://www.glassdoor.com/Salaries/switzerland-database-administrator-salary-SRCH_IL.0,11_IN226_KO12,34_IP{}.htm"
Database Administrator,United Arab Emirates,80,"https://www.glassdoor.com/Salaries/united-arab-emirates-database-administrator-salary-SRCH_IL.0,20_IN6_KO21,43_IP{}.htm"
Database Administrator,India,80,"https://www.glassdoor.com/Salaries/database-administrator-salary-SRCH_IM407_KO0,22_IP{}.htm"
Database Administrator,France,260,"https://www.glassdoor.com/Salaries/france-database-administrator-salary-SRCH_IL.0,6_IN86_KO7,29_IP{}.htm"
Database Administrator,Israel,140,"https://www.glassdoor.com/Salaries/israel-database-administrator-salary-SRCH_IL.0,6_IN119_KO7,29_IP{}.htm"
Database Administrator,Canada,940,"https://www.glassdoor.com/Salaries/canada-database-administrator-salary-SRCH_IL.0,6_IN3_KO7,29_IP{}.htm"
Database Administrator,Sweden,20,"https://www.glassdoor.com/Salaries/sweden-database-administrator-salary-SRCH_IL.0,6_IN223_KO7,29_IP{}.htm"
Database Administrator,Denmark,20,"https://www.glassdoor.com/Salaries/denmark-database-administrator-salary-SRCH_IL.0,7_IN63_KO8,30_IP{}.htm"
Database Administrator,Netherlands,97,"https://www.glassdoor.com/Salaries/netherlands-database-administrator-salary-SRCH_IL.0,11_IN178_KO12,34_IP{}.htm"
Database Administrator,Qatar,20,"https://www.glassdoor.com/Salaries/qatar-database-administrator-salary-SRCH_IL.0,5_IN199_KO6,28_IP{}.htm"
Database Administrator,Australia,400,"https://www.glassdoor.com/Salaries/australia-database-administrator-salary-SRCH_IL.0,9_IN16_KO10,32_IP{}.htm"
Database Administrator,Finland,20,"https://www.glassdoor.com/Salaries/finland-database-administrator-salary-SRCH_IL.0,7_IN79_KO8,30_IP{}.htm"
Database Administrator,Norway,20,"https://www.glassdoor.com/Salaries/norway-database-administrator-salary-SRCH_IL.0,6_IN180_KO7,29_IP{}.htm"
Database Administrator,Luxembourg,20,"https://www.glassdoor.com/Salaries/luxembourg-database-administrator-salary-SRCH_IL.0,10_IN148_KO11,33_IP{}.htm"
Database Administrator,Belgium,60,"https://www.glassdoor.com/Salaries/belgium-database-administrator-salary-SRCH_IL.0,7_IN25_KO8,30_IP{}.htm"
Database Administrator,Saudi Arabia,60,"https://www.glassdoor.com/Salaries/saudi-arabia-database-administrator-salary-SRCH_IL.0,12_IN207_KO13,35_IP{}.htm"
Database Administrator,Austria,40,"https://www.glassdoor.com/Salaries/austria-database-administrator-salary-SRCH_IL.0,7_IN18_KO8,30_IP{}.htm"
Database Administrator,Italy,160,"https://www.glassdoor.com/Salaries/italy-database-administrator-salary-SRCH_IL.0,5_IN120_KO6,28_IP{}.htm"
Database Administrator,New Zealand,80,"https://www.glassdoor.com/Salaries/new-zealand-database-administrator-salary-SRCH_IL.0,11_IN186_KO12,34_IP{}.htm"
Database Administrator,Ireland,144,"https://www.glassdoor.com/Salaries/ireland-database-administrator-salary-SRCH_IL.0,7_IN70_KO8,30_IP{}.htm"
Database Administrator,Poland,72,"https://www.glassdoor.com/Salaries/poland-database-administrator-salary-SRCH_IL.0,6_IN193_KO7,29_IP{}.htm"
Database Administrator,Spain,260,"https://www.glassdoor.com/Salaries/spain-database-administrator-salary-SRCH_IL.0,5_IN219_KO6,28_IP{}.htm"
Database Administrator,Thailand,23,"https://www.glassdoor.com/Salaries/thailand-database-administrator-salary-SRCH_IL.0,8_IN229_KO9,31_IP{}.htm"
Database Administrator,Malaysia,140,"https://www.glassdoor.com/Salaries/malaysia-database-administrator-salary-SRCH_IL.0,8_IN170_KO9,31_IP{}.htm"
Database Administrator,Estonia,20,"https://www.glassdoor.com/Salaries/estonia-database-administrator-salary-SRCH_IL.0,7_IN72_KO8,30_IP{}.htm"
Database Administrator,Vietnam,20,"https://www.glassdoor.com/Salaries/vietnam-database-administrator-salary-SRCH_IL.0,7_IN251_KO8,30_IP{}.htm"
Database Administrator,Iran,40,"https://www.glassdoor.com/Salaries/iran-database-administrator-salary-SRCH_IL.0,4_IN118_KO5,27_IP{}.htm"
Database Administrator,Ukraine,4,"https://www.glassdoor.com/Salaries/ukraine-database-administrator-salary-SRCH_IL.0,7_IN244_KO8,30_IP{}.htm"
Database Administrator,Hungary,60,"https://www.glassdoor.com/Salaries/hungary-database-administrator-salary-SRCH_IL.0,7_IN111_KO8,30_IP{}.htm"
Database Administrator,Brazil,1937,"https://www.glassdoor.com/Salaries/brazil-database-administrator-salary-SRCH_IL.0,6_IN36_KO7,29_IP{}.htm"
Database Administrator,Philippines,200,"https://www.glassdoor.com/Salaries/philippines-database-administrator-salary-SRCH_IL.0,11_IN204_KO12,34_IP{}.htm"
Database Administrator,Indonesia,180,"https://www.glassdoor.com/Salaries/indonesia-database-administrator-salary-SRCH_IL.0,9_IN113_KO10,32_IP{}.htm"
Database Administrator,Turkey,100,"https://www.glassdoor.com/Salaries/turkey-database-administrator-salary-SRCH_IL.0,6_IN238_KO7,29_IP{}.htm"
Database Administrator,Romania,65,"https://www.glassdoor.com/Salaries/romania-database-administrator-salary-SRCH_IL.0,7_IN203_KO8,30_IP{}.htm"
Database Administrator,Bahrain,9,"https://www.glassdoor.com/Salaries/bahrain-database-administrator-salary-SRCH_IL.0,7_IN21_KO8,30_IP{}.htm"
Database Administrator,Bangladesh,27,"https://www.glassdoor.com/Salaries/bangladesh-database-administrator-salary-SRCH_IL.0,10_IN27_KO11,33_IP{}.htm"
Database Administrator,Egypt,93,"https://www.glassdoor.com/Salaries/egypt-database-administrator-salary-SRCH_IL.0,5_IN69_KO6,28_IP{}.htm"
Database Administrator,Colombia,49,"https://www.glassdoor.com/Salaries/colombia-database-administrator-salary-SRCH_IL.0,8_IN54_KO9,31_IP{}.htm"
Database Administrator,Mexico,360,"https://www.glassdoor.com/Salaries/mexico-database-administrator-salary-SRCH_IL.0,6_IN169_KO7,29_IP{}.htm"
Database Administrator,Azerbaijan,20,"https://www.glassdoor.com/Salaries/azerbaijan-database-administrator-salary-SRCH_IL.0,10_IN9_KO11,33_IP{}.htm"
Database Administrator,Kazakhstan,20,"https://www.glassdoor.com/Salaries/kazakhstan-database-administrator-salary-SRCH_IL.0,10_IN138_KO11,33_IP{}.htm"
Database Administrator,Argentina,300,"https://www.glassdoor.com/Salaries/argentina-database-administrator-salary-SRCH_IL.0,9_IN15_KO10,32_IP{}.htm"
Database Administrator,Belarus,20,"https://www.glassdoor.com/Salaries/belarus-database-administrator-salary-SRCH_IL.0,7_IN33_KO8,30_IP{}.htm"
Database Administrator,Serbia,20,"https://www.glassdoor.com/Salaries/serbia-database-administrator-salary-SRCH_IL.0,6_IN200_KO7,29_IP{}.htm"
Database Administrator,South Africa,140,"https://www.glassdoor.com/Salaries/south-africa-database-administrator-salary-SRCH_IL.0,12_IN211_KO13,35_IP{}.htm"
Database Administrator,Jordan,91,"https://www.glassdoor.com/Salaries/database-administrator-salary-SRCH_IM567_KO0,22_IP{}.htm"
Database Administrator,Sri Lanka,21,"https://www.glassdoor.com/Salaries/sri-lanka-database-administrator-salary-SRCH_IL.0,9_IN45_KO10,32_IP{}.htm"
Database Administrator,Greece,40,"https://www.glassdoor.com/Salaries/greece-database-administrator-salary-SRCH_IL.0,6_IN100_KO7,29_IP{}.htm"
Database Administrator,Guatemala,4,"https://www.glassdoor.com/Salaries/guatemala-database-administrator-salary-SRCH_IL.0,9_IN101_KO10,32_IP{}.htm"
Senior Data Analyst,Japan,420,"https://www.glassdoor.com/Salaries/japan-senior-data-analyst-salary-SRCH_IL.0,5_IN123_KO6,25_IP{}.htm"
Senior Data Analyst,South Korea,240,"https://www.glassdoor.com/Salaries/south-korea-senior-data-analyst-salary-SRCH_IL.0,11_IN135_KO12,31_IP{}.htm"
Senior Data Analyst,China,720,"https://www.glassdoor.com/Salaries/china-senior-data-analyst-salary-SRCH_IL.0,5_IN48_KO6,25_IP{}.htm"
Senior Data Analyst,United States,4480,"https://www.glassdoor.com/Salaries/us-senior-data-analyst-salary-SRCH_IL.0,2_IN1_KO3,22_IP{}.htm"
Senior Data Analyst,Germany,4268,"https://www.glassdoor.com/Salaries/germany-senior-data-analyst-salary-SRCH_IL.0,7_IN96_KO8,27_IP{}.htm"
Senior Data Analyst,Singapore,2360,"https://www.glassdoor.com/Salaries/senior-data-analyst-salary-SRCH_IM1123_KO0,19_IP{}.htm"
Senior Data Analyst,United Kingdom,11740,"https://www.glassdoor.com/Salaries/uk-senior-data-analyst-salary-SRCH_IL.0,2_IN2_KO3,22_IP{}.htm"
Senior Data Analyst,Russia,871,"https://www.glassdoor.com/Salaries/russia-senior-data-analyst-salary-SRCH_IL.0,6_IN205_KO7,26_IP{}.htm"
Senior Data Analyst,Switzerland,920,"https://www.glassdoor.com/Salaries/switzerland-senior-data-analyst-salary-SRCH_IL.0,11_IN226_KO12,31_IP{}.htm"
Senior Data Analyst,United Arab Emirates,700,"https://www.glassdoor.com/Salaries/united-arab-emirates-senior-data-analyst-salary-SRCH_IL.0,20_IN6_KO21,40_IP{}.htm"
Senior Data Analyst,India,31,"https://www.glassdoor.com/Salaries/senior-data-analyst-salary-SRCH_IM407_KO0,19_IP{}.htm"
Senior Data Analyst,France,6523,"https://www.glassdoor.com/Salaries/france-senior-data-analyst-salary-SRCH_IL.0,6_IN86_KO7,26_IP{}.htm"
Senior Data Analyst,Israel,1320,"https://www.glassdoor.com/Salaries/israel-senior-data-analyst-salary-SRCH_IL.0,6_IN119_KO7,26_IP{}.htm"
Senior Data Analyst,Canada,7080,"https://www.glassdoor.com/Salaries/canada-senior-data-analyst-salary-SRCH_IL.0,6_IN3_KO7,26_IP{}.htm"
Senior Data Analyst,Sweden,620,"https://www.glassdoor.com/Salaries/sweden-senior-data-analyst-salary-SRCH_IL.0,6_IN223_KO7,26_IP{}.htm"
Senior Data Analyst,Denmark,408,"https://www.glassdoor.com/Salaries/denmark-senior-data-analyst-salary-SRCH_IL.0,7_IN63_KO8,27_IP{}.htm"
Senior Data Analyst,Netherlands,2489,"https://www.glassdoor.com/Salaries/netherlands-senior-data-analyst-salary-SRCH_IL.0,11_IN178_KO12,31_IP{}.htm"
Senior Data Analyst,Qatar,78,"https://www.glassdoor.com/Salaries/qatar-senior-data-analyst-salary-SRCH_IL.0,5_IN199_KO6,25_IP{}.htm"
Senior Data Analyst,Australia,3380,"https://www.glassdoor.com/Salaries/australia-senior-data-analyst-salary-SRCH_IL.0,9_IN16_KO10,29_IP{}.htm"
Senior Data Analyst,Finland,300,"https://www.glassdoor.com/Salaries/finland-senior-data-analyst-salary-SRCH_IL.0,7_IN79_KO8,27_IP{}.htm"
Senior Data Analyst,Norway,220,"https://www.glassdoor.com/Salaries/norway-senior-data-analyst-salary-SRCH_IL.0,6_IN180_KO7,26_IP{}.htm"
Senior Data Analyst,Luxembourg,160,"https://www.glassdoor.com/Salaries/luxembourg-senior-data-analyst-salary-SRCH_IL.0,10_IN148_KO11,30_IP{}.htm"
Senior Data Analyst,Belgium,740,"https://www.glassdoor.com/Salaries/belgium-senior-data-analyst-salary-SRCH_IL.0,7_IN25_KO8,27_IP{}.htm"
Senior Data Analyst,Saudi Arabia,260,"https://www.glassdoor.com/Salaries/saudi-arabia-senior-data-analyst-salary-SRCH_IL.0,12_IN207_KO13,32_IP{}.htm"
Senior Data Analyst,Austria,320,"https://www.glassdoor.com/Salaries/austria-senior-data-analyst-salary-SRCH_IL.0,7_IN18_KO8,27_IP{}.htm"
Senior Data Analyst,Italy,2060,"https://www.glassdoor.com/Salaries/italy-senior-data-analyst-salary-SRCH_IL.0,5_IN120_KO6,25_IP{}.htm"
Senior Data Analyst,New Zealand,480,"https://www.glassdoor.com/Salaries/new-zealand-senior-data-analyst-salary-SRCH_IL.0,11_IN186_KO12,31_IP{}.htm"
Senior Data Analyst,Ireland,1180,"https://www.glassdoor.com/Salaries/ireland-senior-data-analyst-salary-SRCH_IL.0,7_IN70_KO8,27_IP{}.htm"
Senior Data Analyst,Poland,1080,"https://www.glassdoor.com/Salaries/poland-senior-data-analyst-salary-SRCH_IL.0,6_IN193_KO7,26_IP{}.htm"
Senior Data Analyst,Spain,3600,"https://www.glassdoor.com/Salaries/spain-senior-data-analyst-salary-SRCH_IL.0,5_IN219_KO6,25_IP{}.htm"
Senior Data Analyst,Thailand,480,"https://www.glassdoor.com/Salaries/thailand-senior-data-analyst-salary-SRCH_IL.0,8_IN229_KO9,28_IP{}.htm"
Senior Data Analyst,Malaysia,1368,"https://www.glassdoor.com/Salaries/malaysia-senior-data-analyst-salary-SRCH_IL.0,8_IN170_KO9,28_IP{}.htm"
Senior Data Analyst,Estonia,160,"https://www.glassdoor.com/Salaries/estonia-senior-data-analyst-salary-SRCH_IL.0,7_IN72_KO8,27_IP{}.htm"
Senior Data Analyst,Vietnam,340,"https://www.glassdoor.com/Salaries/vietnam-senior-data-analyst-salary-SRCH_IL.0,7_IN251_KO8,27_IP{}.htm"
Senior Data Analyst,Iran,160,"https://www.glassdoor.com/Salaries/iran-senior-data-analyst-salary-SRCH_IL.0,4_IN118_KO5,24_IP{}.htm"
Senior Data Analyst,Ukraine,80,"https://www.glassdoor.com/Salaries/ukraine-senior-data-analyst-salary-SRCH_IL.0,7_IN244_KO8,27_IP{}.htm"
Senior Data Analyst,Hungary,356,"https://www.glassdoor.com/Salaries/hungary-senior-data-analyst-salary-SRCH_IL.0,7_IN111_KO8,27_IP{}.htm"
Senior Data Analyst,Brazil,4500,"https://www.glassdoor.com/Salaries/brazil-senior-data-analyst-salary-SRCH_IL.0,6_IN36_KO7,26_IP{}.htm"
Senior Data Analyst,Philippines,1371,"https://www.glassdoor.com/Salaries/philippines-senior-data-analyst-salary-SRCH_IL.0,11_IN204_KO12,31_IP{}.htm"
Senior Data Analyst,Indonesia,1560,"https://www.glassdoor.com/Salaries/indonesia-senior-data-analyst-salary-SRCH_IL.0,9_IN113_KO10,29_IP{}.htm"
Senior Data Analyst,Turkey,656,"https://www.glassdoor.com/Salaries/turkey-senior-data-analyst-salary-SRCH_IL.0,6_IN238_KO7,26_IP{}.htm"
Senior Data Analyst,Romania,374,"https://www.glassdoor.com/Salaries/romania-senior-data-analyst-salary-SRCH_IL.0,7_IN203_KO8,27_IP{}.htm"
Senior Data Analyst,Bahrain,17,"https://www.glassdoor.com/Salaries/bahrain-senior-data-analyst-salary-SRCH_IL.0,7_IN21_KO8,27_IP{}.htm"
Senior Data Analyst,Bangladesh,480,"https://www.glassdoor.com/Salaries/bangladesh-senior-data-analyst-salary-SRCH_IL.0,10_IN27_KO11,30_IP{}.htm"
Senior Data Analyst,Egypt,760,"https://www.glassdoor.com/Salaries/egypt-senior-data-analyst-salary-SRCH_IL.0,5_IN69_KO6,25_IP{}.htm"
Senior Data Analyst,Colombia,784,"https://www.glassdoor.com/Salaries/colombia-senior-data-analyst-salary-SRCH_IL.0,8_IN54_KO9,28_IP{}.htm"
Senior Data Analyst,Mexico,1823,"https://www.glassdoor.com/Salaries/mexico-senior-data-analyst-salary-SRCH_IL.0,6_IN169_KO7,26_IP{}.htm"
Senior Data Analyst,Azerbaijan,43,"https://www.glassdoor.com/Salaries/azerbaijan-senior-data-analyst-salary-SRCH_IL.0,10_IN9_KO11,30_IP{}.htm"
Senior Data Analyst,Kazakhstan,105,"https://www.glassdoor.com/Salaries/kazakhstan-senior-data-analyst-salary-SRCH_IL.0,10_IN138_KO11,30_IP{}.htm"
Senior Data Analyst,Argentina,1460,"https://www.glassdoor.com/Salaries/argentina-senior-data-analyst-salary-SRCH_IL.0,9_IN15_KO10,29_IP{}.htm"
Senior Data Analyst,Belarus,20,"https://www.glassdoor.com/Salaries/belarus-senior-data-analyst-salary-SRCH_IL.0,7_IN33_KO8,27_IP{}.htm"
Senior Data Analyst,Serbia,80,"https://www.glassdoor.com/Salaries/serbia-senior-data-analyst-salary-SRCH_IL.0,6_IN200_KO7,26_IP{}.htm"
Senior Data Analyst,South Africa,908,"https://www.glassdoor.com/Salaries/south-africa-senior-data-analyst-salary-SRCH_IL.0,12_IN211_KO13,32_IP{}.htm"
Senior Data Analyst,Jordan,80,"https://www.glassdoor.com/Salaries/senior-data-analyst-salary-SRCH_IM567_KO0,19_IP{}.htm"
Senior Data Analyst,Sri Lanka,292,"https://www.glassdoor.com/Salaries/sri-lanka-senior-data-analyst-salary-SRCH_IL.0,9_IN45_KO10,29_IP{}.htm"
Senior Data Analyst,Greece,460,"https://www.glassdoor.com/Salaries/greece-senior-data-analyst-salary-SRCH_IL.0,6_IN100_KO7,26_IP{}.htm"
Senior Data Analyst,Guatemala,23,"https://www.glassdoor.com/Salaries/guatemala-senior-data-analyst-salary-SRCH_IL.0,9_IN101_KO10,29_IP{}.htm"
Senior Data Analyst,Bulgaria,180,"https://www.glassdoor.com/Salaries/bulgaria-senior-data-analyst-salary-SRCH_IL.0,8_IN39_KO9,28_IP{}.htm"
Senior Data Scientist,Japan,260,"https://www.glassdoor.com/Salaries/japan-senior-data-scientist-salary-SRCH_IL.0,5_IN123_KO6,27_IP{}.htm"
Senior Data Scientist,South Korea,131,"https://www.glassdoor.com/Salaries/south-korea-senior-data-scientist-salary-SRCH_IL.0,11_IN135_KO12,33_IP{}.htm"
Senior Data Scientist,China,260,"https://www.glassdoor.com/Salaries/china-senior-data-scientist-salary-SRCH_IL.0,5_IN48_KO6,27_IP{}.htm"
Senior Data Scientist,United States,3000,"https://www.glassdoor.com/Salaries/us-senior-data-scientist-salary-SRCH_IL.0,2_IN1_KO3,24_IP{}.htm"
Senior Data Scientist,Germany,2680,"https://www.glassdoor.com/Salaries/germany-senior-data-scientist-salary-SRCH_IL.0,7_IN96_KO8,29_IP{}.htm"
Senior Data Scientist,Singapore,976,"https://www.glassdoor.com/Salaries/senior-data-scientist-salary-SRCH_IM1123_KO0,21_IP{}.htm"
Senior Data Scientist,United Kingdom,4840,"https://www.glassdoor.com/Salaries/uk-senior-data-scientist-salary-SRCH_IL.0,2_IN2_KO3,24_IP{}.htm"
Senior Data Scientist,Russia,520,"https://www.glassdoor.com/Salaries/russia-senior-data-scientist-salary-SRCH_IL.0,6_IN205_KO7,28_IP{}.htm"
Senior Data Scientist,Switzerland,596,"https://www.glassdoor.com/Salaries/switzerland-senior-data-scientist-salary-SRCH_IL.0,11_IN226_KO12,33_IP{}.htm"
Senior Data Scientist,United Arab Emirates,220,"https://www.glassdoor.com/Salaries/united-arab-emirates-senior-data-scientist-salary-SRCH_IL.0,20_IN6_KO21,42_IP{}.htm"
Senior Data Scientist,India,20,"https://www.glassdoor.com/Salaries/senior-data-scientist-salary-SRCH_IM407_KO0,21_IP{}.htm"
Senior Data Scientist,France,4420,"https://www.glassdoor.com/Salaries/france-senior-data-scientist-salary-SRCH_IL.0,6_IN86_KO7,28_IP{}.htm"
Senior Data Scientist,Israel,660,"https://www.glassdoor.com/Salaries/israel-senior-data-scientist-salary-SRCH_IL.0,6_IN119_KO7,28_IP{}.htm"
Senior Data Scientist,Canada,2560,"https://www.glassdoor.com/Salaries/canada-senior-data-scientist-salary-SRCH_IL.0,6_IN3_KO7,28_IP{}.htm"
Senior Data Scientist,Sweden,340,"https://www.glassdoor.com/Salaries/sweden-senior-data-scientist-salary-SRCH_IL.0,6_IN223_KO7,28_IP{}.htm"
Senior Data Scientist,Denmark,240,"https://www.glassdoor.com/Salaries/denmark-senior-data-scientist-salary-SRCH_IL.0,7_IN63_KO8,29_IP{}.htm"
Senior Data Scientist,Netherlands,1360,"https://www.glassdoor.com/Salaries/netherlands-senior-data-scientist-salary-SRCH_IL.0,11_IN178_KO12,33_IP{}.htm"
Senior Data Scientist,Qatar,20,"https://www.glassdoor.com/Salaries/qatar-senior-data-scientist-salary-SRCH_IL.0,5_IN199_KO6,27_IP{}.htm"
Senior Data Scientist,Australia,1129,"https://www.glassdoor.com/Salaries/australia-senior-data-scientist-salary-SRCH_IL.0,9_IN16_KO10,31_IP{}.htm"
Senior Data Scientist,Finland,160,"https://www.glassdoor.com/Salaries/finland-senior-data-scientist-salary-SRCH_IL.0,7_IN79_KO8,29_IP{}.htm"
Senior Data Scientist,Norway,127,"https://www.glassdoor.com/Salaries/norway-senior-data-scientist-salary-SRCH_IL.0,6_IN180_KO7,28_IP{}.htm"
Senior Data Scientist,Luxembourg,100,"https://www.glassdoor.com/Salaries/luxembourg-senior-data-scientist-salary-SRCH_IL.0,10_IN148_KO11,32_IP{}.htm"
Senior Data Scientist,Belgium,380,"https://www.glassdoor.com/Salaries/belgium-senior-data-scientist-salary-SRCH_IL.0,7_IN25_KO8,29_IP{}.htm"
Senior Data Scientist,Saudi Arabia,74,"https://www.glassdoor.com/Salaries/saudi-arabia-senior-data-scientist-salary-SRCH_IL.0,12_IN207_KO13,34_IP{}.htm"
Senior Data Scientist,Austria,205,"https://www.glassdoor.com/Salaries/austria-senior-data-scientist-salary-SRCH_IL.0,7_IN18_KO8,29_IP{}.htm"
Senior Data Scientist,Italy,1100,"https://www.glassdoor.com/Salaries/italy-senior-data-scientist-salary-SRCH_IL.0,5_IN120_KO6,27_IP{}.htm"
Senior Data Scientist,New Zealand,180,"https://www.glassdoor.com/Salaries/new-zealand-senior-data-scientist-salary-SRCH_IL.0,11_IN186_KO12,33_IP{}.htm"
Senior Data Scientist,Ireland,460,"https://www.glassdoor.com/Salaries/ireland-senior-data-scientist-salary-SRCH_IL.0,7_IN70_KO8,29_IP{}.htm"
Senior Data Scientist,Poland,520,"https://www.glassdoor.com/Salaries/poland-senior-data-scientist-salary-SRCH_IL.0,6_IN193_KO7,28_IP{}.htm"
Senior Data Scientist,Spain,1920,"https://www.glassdoor.com/Salaries/spain-senior-data-scientist-salary-SRCH_IL.0,5_IN219_KO6,27_IP{}.htm"
Senior Data Scientist,Thailand,232,"https://www.glassdoor.com/Salaries/thailand-senior-data-scientist-salary-SRCH_IL.0,8_IN229_KO9,30_IP{}.htm"
Senior Data Scientist,Malaysia,460,"https://www.glassdoor.com/Salaries/malaysia-senior-data-scientist-salary-SRCH_IL.0,8_IN170_KO9,30_IP{}.htm"
Senior Data Scientist,Estonia,60,"https://www.glassdoor.com/Salaries/estonia-senior-data-scientist-salary-SRCH_IL.0,7_IN72_KO8,29_IP{}.htm"
Senior Data Scientist,Vietnam,100,"https://www.glassdoor.com/Salaries/vietnam-senior-data-scientist-salary-SRCH_IL.0,7_IN251_KO8,29_IP{}.htm"
Senior Data Scientist,Iran,84,"https://www.glassdoor.com/Salaries/iran-senior-data-scientist-salary-SRCH_IL.0,4_IN118_KO5,26_IP{}.htm"
Senior Data Scientist,Ukraine,40,"https://www.glassdoor.com/Salaries/ukraine-senior-data-scientist-salary-SRCH_IL.0,7_IN244_KO8,29_IP{}.htm"
Senior Data Scientist,Hungary,140,"https://www.glassdoor.com/Salaries/hungary-senior-data-scientist-salary-SRCH_IL.0,7_IN111_KO8,29_IP{}.htm"
Senior Data Scientist,Brazil,3776,"https://www.glassdoor.com/Salaries/brazil-senior-data-scientist-salary-SRCH_IL.0,6_IN36_KO7,28_IP{}.htm"
Senior Data Scientist,Philippines,200,"https://www.glassdoor.com/Salaries/philippines-senior-data-scientist-salary-SRCH_IL.0,11_IN204_KO12,33_IP{}.htm"
Senior Data Scientist,Indonesia,560,"https://www.glassdoor.com/Salaries/indonesia-senior-data-scientist-salary-SRCH_IL.0,9_IN113_KO10,31_IP{}.htm"
Senior Data Scientist,Turkey,420,"https://www.glassdoor.com/Salaries/turkey-senior-data-scientist-salary-SRCH_IL.0,6_IN238_KO7,28_IP{}.htm"
Senior Data Scientist,Romania,80,"https://www.glassdoor.com/Salaries/romania-senior-data-scientist-salary-SRCH_IL.0,7_IN203_KO8,29_IP{}.htm"
Senior Data Scientist,Bahrain,20,"https://www.glassdoor.com/Salaries/bahrain-senior-data-scientist-salary-SRCH_IL.0,7_IN21_KO8,29_IP{}.htm"
Senior Data Scientist,Bangladesh,60,"https://www.glassdoor.com/Salaries/bangladesh-senior-data-scientist-salary-SRCH_IL.0,10_IN27_KO11,32_IP{}.htm"
Senior Data Scientist,Egypt,259,"https://www.glassdoor.com/Salaries/egypt-senior-data-scientist-salary-SRCH_IL.0,5_IN69_KO6,27_IP{}.htm"
Senior Data Scientist,Colombia,440,"https://www.glassdoor.com/Salaries/colombia-senior-data-scientist-salary-SRCH_IL.0,8_IN54_KO9,30_IP{}.htm"
Senior Data Scientist,Mexico,940,"https://www.glassdoor.com/Salaries/mexico-senior-data-scientist-salary-SRCH_IL.0,6_IN169_KO7,28_IP{}.htm"
Senior Data Scientist,Azerbaijan,20,"https://www.glassdoor.com/Salaries/azerbaijan-senior-data-scientist-salary-SRCH_IL.0,10_IN9_KO11,32_IP{}.htm"
Senior Data Scientist,Kazakhstan,60,"https://www.glassdoor.com/Salaries/kazakhstan-senior-data-scientist-salary-SRCH_IL.0,10_IN138_KO11,32_IP{}.htm"
Senior Data Scientist,Argentina,520,"https://www.glassdoor.com/Salaries/argentina-senior-data-scientist-salary-SRCH_IL.0,9_IN15_KO10,31_IP{}.htm"
Senior Data Scientist,Belarus,20,"https://www.glassdoor.com/Salaries/belarus-senior-data-scientist-salary-SRCH_IL.0,7_IN33_KO8,29_IP{}.htm"
Senior Data Scientist,Serbia,40,"https://www.glassdoor.com/Salaries/serbia-senior-data-scientist-salary-SRCH_IL.0,6_IN200_KO7,28_IP{}.htm"
Senior Data Scientist,South Africa,400,"https://www.glassdoor.com/Salaries/south-africa-senior-data-scientist-salary-SRCH_IL.0,12_IN211_KO13,34_IP{}.htm"
Senior Data Scientist,Jordan,39,"https://www.glassdoor.com/Salaries/senior-data-scientist-salary-SRCH_IM567_KO0,21_IP{}.htm"
Senior Data Scientist,Sri Lanka,100,"https://www.glassdoor.com/Salaries/sri-lanka-senior-data-scientist-salary-SRCH_IL.0,9_IN45_KO10,31_IP{}.htm"
Senior Data Scientist,Greece,220,"https://www.glassdoor.com/Salaries/greece-senior-data-scientist-salary-SRCH_IL.0,6_IN100_KO7,28_IP{}.htm"
Senior Data Scientist,Guatemala,9,"https://www.glassdoor.com/Salaries/guatemala-senior-data-scientist-salary-SRCH_IL.0,9_IN101_KO10,31_IP{}.htm"
Senior Data Scientist,Bulgaria,40,"https://www.glassdoor.com/Salaries/bulgaria-senior-data-scientist-salary-SRCH_IL.0,8_IN39_KO9,30_IP{}.htm"
Business Analyst,Japan,181,"https://www.glassdoor.com/Salaries/japan-business-analyst-salary-SRCH_IL.0,5_IN123_KO6,22_IP{}.htm"
Business Analyst,South Korea,100,"https://www.glassdoor.com/Salaries/south-korea-business-analyst-salary-SRCH_IL.0,11_IN135_KO12,28_IP{}.htm"
Business Analyst,China,516,"https://www.glassdoor.com/Salaries/china-business-analyst-salary-SRCH_IL.0,5_IN48_KO6,22_IP{}.htm"
Business Analyst,United States,24060,"https://www.glassdoor.com/Salaries/us-business-analyst-salary-SRCH_IL.0,2_IN1_KO3,19_IP{}.htm"
Business Analyst,Germany,2260,"https://www.glassdoor.com/Salaries/germany-business-analyst-salary-SRCH_IL.0,7_IN96_KO8,24_IP{}.htm"
Business Analyst,Singapore,2199,"https://www.glassdoor.com/Salaries/business-analyst-salary-SRCH_IM1123_KO0,16_IP{}.htm"
Business Analyst,United Kingdom,12020,"https://www.glassdoor.com/Salaries/uk-business-analyst-salary-SRCH_IL.0,2_IN2_KO3,19_IP{}.htm"
Business Analyst,Russia,620,"https://www.glassdoor.com/Salaries/russia-business-analyst-salary-SRCH_IL.0,6_IN205_KO7,23_IP{}.htm"
Business Analyst,Switzerland,1000,"https://www.glassdoor.com/Salaries/switzerland-business-analyst-salary-SRCH_IL.0,11_IN226_KO12,28_IP{}.htm"
Business Analyst,United Arab Emirates,620,"https://www.glassdoor.com/Salaries/united-arab-emirates-business-analyst-salary-SRCH_IL.0,20_IN6_KO21,37_IP{}.htm"
Business Analyst,India,320,"https://www.glassdoor.com/Salaries/business-analyst-salary-SRCH_IM407_KO0,16_IP{}.htm"
Business Analyst,France,2980,"https://www.glassdoor.com/Salaries/france-business-analyst-salary-SRCH_IL.0,6_IN86_KO7,23_IP{}.htm"
Business Analyst,Israel,420,"https://www.glassdoor.com/Salaries/israel-business-analyst-salary-SRCH_IL.0,6_IN119_KO7,23_IP{}.htm"
Business Analyst,Canada,8560,"https://www.glassdoor.com/Salaries/canada-business-analyst-salary-SRCH_IL.0,6_IN3_KO7,23_IP{}.htm"
Business Analyst,Sweden,321,"https://www.glassdoor.com/Salaries/sweden-business-analyst-salary-SRCH_IL.0,6_IN223_KO7,23_IP{}.htm"
Business Analyst,Denmark,240,"https://www.glassdoor.com/Salaries/denmark-business-analyst-salary-SRCH_IL.0,7_IN63_KO8,24_IP{}.htm"
Business Analyst,Netherlands,1380,"https://www.glassdoor.com/Salaries/netherlands-business-analyst-salary-SRCH_IL.0,11_IN178_KO12,28_IP{}.htm"
Business Analyst,Qatar,80,"https://www.glassdoor.com/Salaries/qatar-business-analyst-salary-SRCH_IL.0,5_IN199_KO6,22_IP{}.htm"
Business Analyst,Australia,5140,"https://www.glassdoor.com/Salaries/australia-business-analyst-salary-SRCH_IL.0,9_IN16_KO10,26_IP{}.htm"
Business Analyst,Finland,120,"https://www.glassdoor.com/Salaries/finland-business-analyst-salary-SRCH_IL.0,7_IN79_KO8,24_IP{}.htm"
Business Analyst,Norway,80,"https://www.glassdoor.com/Salaries/norway-business-analyst-salary-SRCH_IL.0,6_IN180_KO7,23_IP{}.htm"
Business Analyst,Luxembourg,260,"https://www.glassdoor.com/Salaries/luxembourg-business-analyst-salary-SRCH_IL.0,10_IN148_KO11,27_IP{}.htm"
Business Analyst,Belgium,880,"https://www.glassdoor.com/Salaries/belgium-business-analyst-salary-SRCH_IL.0,7_IN25_KO8,24_IP{}.htm"
Business Analyst,Saudi Arabia,280,"https://www.glassdoor.com/Salaries/saudi-arabia-business-analyst-salary-SRCH_IL.0,12_IN207_KO13,29_IP{}.htm"
Business Analyst,Austria,220,"https://www.glassdoor.com/Salaries/austria-business-analyst-salary-SRCH_IL.0,7_IN18_KO8,24_IP{}.htm"
Business Analyst,Italy,1900,"https://www.glassdoor.com/Salaries/italy-business-analyst-salary-SRCH_IL.0,5_IN120_KO6,22_IP{}.htm"
Business Analyst,New Zealand,800,"https://www.glassdoor.com/Salaries/new-zealand-business-analyst-salary-SRCH_IL.0,11_IN186_KO12,28_IP{}.htm"
Business Analyst,Ireland,1340,"https://www.glassdoor.com/Salaries/ireland-business-analyst-salary-SRCH_IL.0,7_IN70_KO8,24_IP{}.htm"
Business Analyst,Poland,840,"https://www.glassdoor.com/Salaries/poland-business-analyst-salary-SRCH_IL.0,6_IN193_KO7,23_IP{}.htm"
Business Analyst,Spain,1460,"https://www.glassdoor.com/Salaries/spain-business-analyst-salary-SRCH_IL.0,5_IN219_KO6,22_IP{}.htm"
Business Analyst,Thailand,380,"https://www.glassdoor.com/Salaries/thailand-business-analyst-salary-SRCH_IL.0,8_IN229_KO9,25_IP{}.htm"
Business Analyst,Malaysia,1240,"https://www.glassdoor.com/Salaries/malaysia-business-analyst-salary-SRCH_IL.0,8_IN170_KO9,25_IP{}.htm"
Business Analyst,Estonia,80,"https://www.glassdoor.com/Salaries/estonia-business-analyst-salary-SRCH_IL.0,7_IN72_KO8,24_IP{}.htm"
Business Analyst,Vietnam,400,"https://www.glassdoor.com/Salaries/vietnam-business-analyst-salary-SRCH_IL.0,7_IN251_KO8,24_IP{}.htm"
Business Analyst,Iran,100,"https://www.glassdoor.com/Salaries/iran-business-analyst-salary-SRCH_IL.0,4_IN118_KO5,21_IP{}.htm"
Business Analyst,Ukraine,100,"https://www.glassdoor.com/Salaries/ukraine-business-analyst-salary-SRCH_IL.0,7_IN244_KO8,24_IP{}.htm"
Business Analyst,Hungary,440,"https://www.glassdoor.com/Salaries/hungary-business-analyst-salary-SRCH_IL.0,7_IN111_KO8,24_IP{}.htm"
Business Analyst,Brazil,6940,"https://www.glassdoor.com/Salaries/brazil-business-analyst-salary-SRCH_IL.0,6_IN36_KO7,23_IP{}.htm"
Business Analyst,Philippines,1200,"https://www.glassdoor.com/Salaries/philippines-business-analyst-salary-SRCH_IL.0,11_IN204_KO12,28_IP{}.htm"
Business Analyst,Indonesia,1344,"https://www.glassdoor.com/Salaries/indonesia-business-analyst-salary-SRCH_IL.0,9_IN113_KO10,26_IP{}.htm"
Business Analyst,Turkey,620,"https://www.glassdoor.com/Salaries/turkey-business-analyst-salary-SRCH_IL.0,6_IN238_KO7,23_IP{}.htm"
Business Analyst,Romania,420,"https://www.glassdoor.com/Salaries/romania-business-analyst-salary-SRCH_IL.0,7_IN203_KO8,24_IP{}.htm"
Business Analyst,Bahrain,40,"https://www.glassdoor.com/Salaries/bahrain-business-analyst-salary-SRCH_IL.0,7_IN21_KO8,24_IP{}.htm"
Business Analyst,Bangladesh,251,"https://www.glassdoor.com/Salaries/bangladesh-business-analyst-salary-SRCH_IL.0,10_IN27_KO11,27_IP{}.htm"
Business Analyst,Egypt,400,"https://www.glassdoor.com/Salaries/egypt-business-analyst-salary-SRCH_IL.0,5_IN69_KO6,22_IP{}.htm"
Business Analyst,Colombia,400,"https://www.glassdoor.com/Salaries/colombia-business-analyst-salary-SRCH_IL.0,8_IN54_KO9,25_IP{}.htm"
Business Analyst,Mexico,1243,"https://www.glassdoor.com/Salaries/mexico-business-analyst-salary-SRCH_IL.0,6_IN169_KO7,23_IP{}.htm"
Business Analyst,Azerbaijan,40,"https://www.glassdoor.com/Salaries/azerbaijan-business-analyst-salary-SRCH_IL.0,10_IN9_KO11,27_IP{}.htm"
Business Analyst,Argentina,700,"https://www.glassdoor.com/Salaries/argentina-business-analyst-salary-SRCH_IL.0,9_IN15_KO10,26_IP{}.htm"
Business Analyst,Belarus,20,"https://www.glassdoor.com/Salaries/belarus-business-analyst-salary-SRCH_IL.0,7_IN33_KO8,24_IP{}.htm"
Business Analyst,Serbia,40,"https://www.glassdoor.com/Salaries/serbia-business-analyst-salary-SRCH_IL.0,6_IN200_KO7,23_IP{}.htm"
Business Analyst,South Africa,1060,"https://www.glassdoor.com/Salaries/south-africa-business-analyst-salary-SRCH_IL.0,12_IN211_KO13,29_IP{}.htm"
Business Analyst,Jordan,500,"https://www.glassdoor.com/Salaries/business-analyst-salary-SRCH_IM567_KO0,16_IP{}.htm"
Business Analyst,Sri Lanka,540,"https://www.glassdoor.com/Salaries/sri-lanka-business-analyst-salary-SRCH_IL.0,9_IN45_KO10,26_IP{}.htm"
Business Analyst,Greece,320,"https://www.glassdoor.com/Salaries/greece-business-analyst-salary-SRCH_IL.0,6_IN100_KO7,23_IP{}.htm"
Business Analyst,Guatemala,20,"https://www.glassdoor.com/Salaries/guatemala-business-analyst-salary-SRCH_IL.0,9_IN101_KO10,26_IP{}.htm"
Business Analyst,Bulgaria,194,"https://www.glassdoor.com/Salaries/bulgaria-business-analyst-salary-SRCH_IL.0,8_IN39_KO9,25_IP{}.htm"
Business Intelligence Developer,Japan,20,"https://www.glassdoor.com/Salaries/japan-business-intelligence-developer-salary-SRCH_IL.0,5_IN123_KO6,37_IP{}.htm"
Business Intelligence Developer,South Korea,20,"https://www.glassdoor.com/Salaries/south-korea-business-intelligence-developer-salary-SRCH_IL.0,11_IN135_KO12,43_IP{}.htm"
Business Intelligence Developer,China,60,"https://www.glassdoor.com/Salaries/china-business-intelligence-developer-salary-SRCH_IL.0,5_IN48_KO6,37_IP{}.htm"
Business Intelligence Developer,United States,1480,"https://www.glassdoor.com/Salaries/us-business-intelligence-developer-salary-SRCH_IL.0,2_IN1_KO3,34_IP{}.htm"
Business Intelligence Developer,Germany,500,"https://www.glassdoor.com/Salaries/germany-business-intelligence-developer-salary-SRCH_IL.0,7_IN96_KO8,39_IP{}.htm"
Business Intelligence Developer,Singapore,220,"https://www.glassdoor.com/Salaries/business-intelligence-developer-salary-SRCH_IM1123_KO0,31_IP{}.htm"
Business Intelligence Developer,United Kingdom,1860,"https://www.glassdoor.com/Salaries/uk-business-intelligence-developer-salary-SRCH_IL.0,2_IN2_KO3,34_IP{}.htm"
Business Intelligence Developer,Russia,40,"https://www.glassdoor.com/Salaries/russia-business-intelligence-developer-salary-SRCH_IL.0,6_IN205_KO7,38_IP{}.htm"
Business Intelligence Developer,Switzerland,74,"https://www.glassdoor.com/Salaries/switzerland-business-intelligence-developer-salary-SRCH_IL.0,11_IN226_KO12,43_IP{}.htm"
Business Intelligence Developer,United Arab Emirates,80,"https://www.glassdoor.com/Salaries/united-arab-emirates-business-intelligence-developer-salary-SRCH_IL.0,20_IN6_KO21,52_IP{}.htm"
Business Intelligence Developer,India,40,"https://www.glassdoor.com/Salaries/business-intelligence-developer-salary-SRCH_IM407_KO0,31_IP{}.htm"
Business Intelligence Developer,France,315,"https://www.glassdoor.com/Salaries/france-business-intelligence-developer-salary-SRCH_IL.0,6_IN86_KO7,38_IP{}.htm"
Business Intelligence Developer,Israel,93,"https://www.glassdoor.com/Salaries/israel-business-intelligence-developer-salary-SRCH_IL.0,6_IN119_KO7,38_IP{}.htm"
Business Intelligence Developer,Canada,940,"https://www.glassdoor.com/Salaries/canada-business-intelligence-developer-salary-SRCH_IL.0,6_IN3_KO7,38_IP{}.htm"
Business Intelligence Developer,Sweden,60,"https://www.glassdoor.com/Salaries/sweden-business-intelligence-developer-salary-SRCH_IL.0,6_IN223_KO7,38_IP{}.htm"
Business Intelligence Developer,Denmark,60,"https://www.glassdoor.com/Salaries/denmark-business-intelligence-developer-salary-SRCH_IL.0,7_IN63_KO8,39_IP{}.htm"
Business Intelligence Developer,Netherlands,340,"https://www.glassdoor.com/Salaries/netherlands-business-intelligence-developer-salary-SRCH_IL.0,11_IN178_KO12,43_IP{}.htm"
Business Intelligence Developer,Qatar,7,"https://www.glassdoor.com/Salaries/qatar-business-intelligence-developer-salary-SRCH_IL.0,5_IN199_KO6,37_IP{}.htm"
Business Intelligence Developer,Australia,420,"https://www.glassdoor.com/Salaries/australia-business-intelligence-developer-salary-SRCH_IL.0,9_IN16_KO10,41_IP{}.htm"
Business Intelligence Developer,Finland,20,"https://www.glassdoor.com/Salaries/finland-business-intelligence-developer-salary-SRCH_IL.0,7_IN79_KO8,39_IP{}.htm"
Business Intelligence Developer,Norway,7,"https://www.glassdoor.com/Salaries/norway-business-intelligence-developer-salary-SRCH_IL.0,6_IN180_KO7,38_IP{}.htm"
Business Intelligence Developer,Luxembourg,35,"https://www.glassdoor.com/Salaries/luxembourg-business-intelligence-developer-salary-SRCH_IL.0,10_IN148_KO11,42_IP{}.htm"
Business Intelligence Developer,Belgium,82,"https://www.glassdoor.com/Salaries/belgium-business-intelligence-developer-salary-SRCH_IL.0,7_IN25_KO8,39_IP{}.htm"
Business Intelligence Developer,Saudi Arabia,40,"https://www.glassdoor.com/Salaries/saudi-arabia-business-intelligence-developer-salary-SRCH_IL.0,12_IN207_KO13,44_IP{}.htm"
Business Intelligence Developer,Austria,40,"https://www.glassdoor.com/Salaries/austria-business-intelligence-developer-salary-SRCH_IL.0,7_IN18_KO8,39_IP{}.htm"
Business Intelligence Developer,Italy,263,"https://www.glassdoor.com/Salaries/italy-business-intelligence-developer-salary-SRCH_IL.0,5_IN120_KO6,37_IP{}.htm"
Business Intelligence Developer,New Zealand,76,"https://www.glassdoor.com/Salaries/new-zealand-business-intelligence-developer-salary-SRCH_IL.0,11_IN186_KO12,43_IP{}.htm"
Business Intelligence Developer,Ireland,140,"https://www.glassdoor.com/Salaries/ireland-business-intelligence-developer-salary-SRCH_IL.0,7_IN70_KO8,39_IP{}.htm"
Business Intelligence Developer,Poland,92,"https://www.glassdoor.com/Salaries/poland-business-intelligence-developer-salary-SRCH_IL.0,6_IN193_KO7,38_IP{}.htm"
Business Intelligence Developer,Spain,340,"https://www.glassdoor.com/Salaries/spain-business-intelligence-developer-salary-SRCH_IL.0,5_IN219_KO6,37_IP{}.htm"
Business Intelligence Developer,Thailand,60,"https://www.glassdoor.com/Salaries/thailand-business-intelligence-developer-salary-SRCH_IL.0,8_IN229_KO9,40_IP{}.htm"
Business Intelligence Developer,Malaysia,120,"https://www.glassdoor.com/Salaries/malaysia-business-intelligence-developer-salary-SRCH_IL.0,8_IN170_KO9,40_IP{}.htm"
Business Intelligence Developer,Estonia,4,"https://www.glassdoor.com/Salaries/estonia-business-intelligence-developer-salary-SRCH_IL.0,7_IN72_KO8,39_IP{}.htm"
Business Intelligence Developer,Vietnam,52,"https://www.glassdoor.com/Salaries/vietnam-business-intelligence-developer-salary-SRCH_IL.0,7_IN251_KO8,39_IP{}.htm"
Business Intelligence Developer,Iran,23,"https://www.glassdoor.com/Salaries/iran-business-intelligence-developer-salary-SRCH_IL.0,4_IN118_KO5,36_IP{}.htm"
Business Intelligence Developer,Ukraine,20,"https://www.glassdoor.com/Salaries/ukraine-business-intelligence-developer-salary-SRCH_IL.0,7_IN244_KO8,39_IP{}.htm"
Business Intelligence Developer,Hungary,40,"https://www.glassdoor.com/Salaries/hungary-business-intelligence-developer-salary-SRCH_IL.0,7_IN111_KO8,39_IP{}.htm"
Business Intelligence Developer,Brazil,1840,"https://www.glassdoor.com/Salaries/brazil-business-intelligence-developer-salary-SRCH_IL.0,6_IN36_KO7,38_IP{}.htm"
Business Intelligence Developer,Philippines,180,"https://www.glassdoor.com/Salaries/philippines-business-intelligence-developer-salary-SRCH_IL.0,11_IN204_KO12,43_IP{}.htm"
Business Intelligence Developer,Indonesia,254,"https://www.glassdoor.com/Salaries/indonesia-business-intelligence-developer-salary-SRCH_IL.0,9_IN113_KO10,41_IP{}.htm"
Business Intelligence Developer,Turkey,140,"https://www.glassdoor.com/Salaries/turkey-business-intelligence-developer-salary-SRCH_IL.0,6_IN238_KO7,38_IP{}.htm"
Business Intelligence Developer,Romania,40,"https://www.glassdoor.com/Salaries/romania-business-intelligence-developer-salary-SRCH_IL.0,7_IN203_KO8,39_IP{}.htm"
Business Intelligence Developer,Bahrain,20,"https://www.glassdoor.com/Salaries/bahrain-business-intelligence-developer-salary-SRCH_IL.0,7_IN21_KO8,39_IP{}.htm"
Business Intelligence Developer,Bangladesh,40,"https://www.glassdoor.com/Salaries/bangladesh-business-intelligence-developer-salary-SRCH_IL.0,10_IN27_KO11,42_IP{}.htm"
Business Intelligence Developer,Egypt,120,"https://www.glassdoor.com/Salaries/egypt-business-intelligence-developer-salary-SRCH_IL.0,5_IN69_KO6,37_IP{}.htm"
Business Intelligence Developer,Colombia,100,"https://www.glassdoor.com/Salaries/colombia-business-intelligence-developer-salary-SRCH_IL.0,8_IN54_KO9,40_IP{}.htm"
Business Intelligence Developer,Mexico,369,"https://www.glassdoor.com/Salaries/mexico-business-intelligence-developer-salary-SRCH_IL.0,6_IN169_KO7,38_IP{}.htm"
Business Intelligence Developer,Azerbaijan,20,"https://www.glassdoor.com/Salaries/azerbaijan-business-intelligence-developer-salary-SRCH_IL.0,10_IN9_KO11,42_IP{}.htm"
Business Intelligence Developer,Kazakhstan,20,"https://www.glassdoor.com/Salaries/kazakhstan-business-intelligence-developer-salary-SRCH_IL.0,10_IN138_KO11,42_IP{}.htm"
Business Intelligence Developer,Argentina,180,"https://www.glassdoor.com/Salaries/argentina-business-intelligence-developer-salary-SRCH_IL.0,9_IN15_KO10,41_IP{}.htm"
Business Intelligence Developer,Belarus,20,"https://www.glassdoor.com/Salaries/belarus-business-intelligence-developer-salary-SRCH_IL.0,7_IN33_KO8,39_IP{}.htm"
Business Intelligence Developer,Serbia,20,"https://www.glassdoor.com/Salaries/serbia-business-intelligence-developer-salary-SRCH_IL.0,6_IN200_KO7,38_IP{}.htm"
Business Intelligence Developer,South Africa,160,"https://www.glassdoor.com/Salaries/south-africa-business-intelligence-developer-salary-SRCH_IL.0,12_IN211_KO13,44_IP{}.htm"
Business Intelligence Developer,Jordan,20,"https://www.glassdoor.com/Salaries/business-intelligence-developer-salary-SRCH_IM567_KO0,31_IP{}.htm"
Business Intelligence Developer,Sri Lanka,40,"https://www.glassdoor.com/Salaries/sri-lanka-business-intelligence-developer-salary-SRCH_IL.0,9_IN45_KO10,41_IP{}.htm"
Business Intelligence Developer,Greece,54,"https://www.glassdoor.com/Salaries/greece-business-intelligence-developer-salary-SRCH_IL.0,6_IN100_KO7,38_IP{}.htm"
Business Intelligence Developer,Guatemala,20,"https://www.glassdoor.com/Salaries/guatemala-business-intelligence-developer-salary-SRCH_IL.0,9_IN101_KO10,41_IP{}.htm"
Business Intelligence Developer,Bulgaria,27,"https://www.glassdoor.com/Salaries/bulgaria-business-intelligence-developer-salary-SRCH_IL.0,8_IN39_KO9,40_IP{}.htm"
Data Scientist,Czech Republic,160,"https://www.glassdoor.com/Salaries/czech-republic-data-scientist-salary-SRCH_IL.0,14_IN77_KO15,29_IP{}.htm"
Data Engineer,Czech Republic,300,"https://www.glassdoor.com/Salaries/czech-republic-data-engineer-salary-SRCH_IL.0,14_IN77_KO15,28_IP{}.htm"
Data Engineer,Romania,332,"https://www.glassdoor.com/Salaries/romania-data-engineer-salary-SRCH_IL.0,7_IN203_KO8,21_IP{}.htm"
Data Analyst,Czech Republic,220,"https://www.glassdoor.com/Salaries/czech-republic-data-analyst-salary-SRCH_IL.0,14_IN77_KO15,27_IP{}.htm"
Database Administrator,Czech Republic,60,"https://www.glassdoor.com/Salaries/czech-republic-database-administrator-salary-SRCH_IL.0,14_IN77_KO15,37_IP{}.htm"
Database Administrator,Bulgaria,20,"https://www.glassdoor.com/Salaries/bulgaria-database-administrator-salary-SRCH_IL.0,8_IN39_KO9,31_IP{}.htm"
Senior Data Analyst,Czech Republic,340,"https://www.glassdoor.com/Salaries/czech-republic-senior-data-analyst-salary-SRCH_IL.0,14_IN77_KO15,34_IP{}.htm"
Senior Data Scientist,Czech Republic,160,"https://www.glassdoor.com/Salaries/czech-republic-senior-data-scientist-salary-SRCH_IL.0,14_IN77_KO15,36_IP{}.htm"
Business Analyst,Czech Republic,320,"https://www.glassdoor.com/Salaries/czech-republic-business-analyst-salary-SRCH_IL.0,14_IN77_KO15,31_IP{}.htm"
Business Analyst,Kazakhstan,80,"https://www.glassdoor.com/Salaries/kazakhstan-business-analyst-salary-SRCH_IL.0,10_IN138_KO11,27_IP{}.htm"
Business Intelligence Developer,Czech Republic,27,"https://www.glassdoor.com/Salaries/czech-republic-business-intelligence-developer-salary-SRCH_IL.0,14_IN77_KO15,46_IP{}.htm"
Data Engineer,Romania,340,"https://www.glassdoor.com/Salaries/romania-data-engineer-salary-SRCH_IL.0,7_IN203_KO8,21_IP{}.htm"
